Handle,Post URL,Title,Date,Full Text,Post ID
acyn.bsky.social,https://bsky.app/profile/acyn.bsky.social/post/3mdbmugwjzc2e,Wolfers: This is the most interventionist governme,2026-01-25,"Wolfers: This is the most interventionist government of my lifetime. It’s the least conservative government of my lifetime. When you are the richest country in the world, maybe you are not the ones who should be tearing down your existing institutions. But that’s exactly what this president is doing",3mdbmugwjzc2e
acyn.bsky.social,https://bsky.app/profile/acyn.bsky.social/post/3mdbhrvmioy2y,Reporter: You received a letter from AG  Pam Bondi,2026-01-25,Reporter: You received a letter from AG  Pam Bondi making several demands….  Walz: I would just give a pro tip to the AG. There's 2 million documents in the Epstein files we're still waiting on. Go ahead and work on those,3mdbhrvmioy2y
acyn.bsky.social,https://bsky.app/profile/acyn.bsky.social/post/3mdbgp5udwj23,Walz: What side do you want to be on? The side of ,2026-01-25,"Walz: What side do you want to be on? The side of an all powerful federal government that can kill, injure, menace and kidnap its citizens off the streets or on the side of a nurse at the V.A. who died bearing witness to such government ",3mdbgp5udwj23
acyn.bsky.social,https://bsky.app/profile/acyn.bsky.social/post/3mdb7nfgm3x2d,"Bessent: I'm sorry he is dead, but he did bring a ",2026-01-25,"Bessent: I'm sorry he is dead, but he did bring a semiautomatic weapon to what was supposed to be a peaceful protest.  Karl: There's no evidence that he brandished the gun whatsoever  Bessent: But he brought a gun!   Karl: We do have a second amendment in this country.",3mdb7nfgm3x2d
acyn.bsky.social,https://bsky.app/profile/acyn.bsky.social/post/3md7iief2sk2l,"DA Bregman: If ICE comes in without a warrant, wit",2026-01-25,"DA Bregman: If ICE comes in without a warrant, without reasonable suspicion, without probable cause, that is false imprisonment in New Mexico. You can’t confine, restrain, or detain someone without proper legal authority to do so. And there’s no exception for law enforcement.",3md7iief2sk2l
acyn.bsky.social,https://bsky.app/profile/acyn.bsky.social/post/3md7hglwru22l,Minnesota AG Keith Ellison’s interview with Katie ,2026-01-25,Minnesota AG Keith Ellison’s interview with Katie Phang was interrupted and cut short because the shooting in Minneapolis happened during his appearance.,3md7hglwru22l
acyn.bsky.social,https://bsky.app/profile/acyn.bsky.social/post/3md7ggkdv3m2s,"AOC: If you can keep people divided, then you can ",2026-01-25,"AOC: If you can keep people divided, then you can continue to loot the economy.   They are they are trying to distract from the fact that prices have exploded, that people's health insurance is being stripped, $1 trillion out of health care to fund this violence. ",3md7ggkdv3m2s
acyn.bsky.social,https://bsky.app/profile/acyn.bsky.social/post/3mdblbmafls2e,"Dandiya: So, my district—where I was born and rais",2026-01-25,"Dandiya: So, my district—where I was born and raised, District 21—has had Brian Mast in the seat since 2016.   For many years now, there’s been a growing disconnect between his leadership and the people who elected him—who he should be working for.",3mdblbmafls2e
acyn.bsky.social,https://bsky.app/profile/acyn.bsky.social/post/3md6qzadywj2d,insane scenes coming out of Minneapolis ,2026-01-24,insane scenes coming out of Minneapolis ,3md6qzadywj2d
patriottakes.bsky.social,https://bsky.app/profile/patriottakes.bsky.social/post/3md7dxveusc24,Minnesota Gun Owners Caucus on the shooting of Ale,2026-01-24,"Minnesota Gun Owners Caucus on the shooting of Alex Pretti:   “…Despite widespread speculation regarding intent, there has been no evidence produced indicating an intent to harm the officers.  We are calling for a full and transparent investigation by both state and federal authorities.“",3md7dxveusc24
acyn.bsky.social,https://bsky.app/profile/acyn.bsky.social/post/3md4wceakwi26,CNN: DHS officials have come to FEMA staff and tol,2026-01-24,"CNN: DHS officials have come to FEMA staff and told them to limit the use of the word ice…they are worried that by posting something like, watch out for the ice, that it's going to become a meme…. ",3md4wceakwi26
acyn.bsky.social,https://bsky.app/profile/acyn.bsky.social/post/3md6ps663qd2h,Minneapolis turning into a war zone,2026-01-24,Minneapolis turning into a war zone,3md6ps663qd2h
acyn.bsky.social,https://bsky.app/profile/acyn.bsky.social/post/3md6ps742sw2q,Protester in Minnesota: I’m 70 years old and I’m f,2026-01-24,Protester in Minnesota: I’m 70 years old and I’m fucking angry *disappears into gas*,3md6ps742sw2q
ronfilipkowski.bsky.social,https://bsky.app/profile/ronfilipkowski.bsky.social/post/3md562ekcsc2m,Rod Stewart calls out “draft dodger” Trump for den,2026-01-24,"Rod Stewart calls out “draft dodger” Trump for denigrating the service of allied combat vets, and says that PM Keir Starmer must insist that Trump publicly apologize.",3md562ekcsc2m
acyn.bsky.social,https://bsky.app/profile/acyn.bsky.social/post/3md6sjejauu2d,Sayre: My background is in international humanitar,2026-01-24,"Sayre: My background is in international humanitarian response in conflict zones …Yemen, Haiti, Syria, Iraq and Ukraine. What I've seen here is what I've seen there, a powerful entity violently and intentionally terrorizing people…. ",3md6sjejauu2d
acyn.bsky.social,https://bsky.app/profile/acyn.bsky.social/post/3md7d3x4ghj26,Noem: This individual committed domestic terrorism,2026-01-24,Noem: This individual committed domestic terrorism. That is the facts.,3md7d3x4ghj26
acyn.bsky.social,https://bsky.app/profile/acyn.bsky.social/post/3md7eoahvtr26,AOC: They need 10 Democratic votes in the Senate t,2026-01-24,"AOC: They need 10 Democratic votes in the Senate to pass, continued unfettered ICE funding with no guardrails. Regardless of where you are in the Democratic party, this moment proves that the status quo cannot stand   I would implore my Democratic colleagues in the senate to vote no",3md7eoahvtr26
acyn.bsky.social,https://bsky.app/profile/acyn.bsky.social/post/3md6xpic7nf26,Walz: Minnesota's justice system will have the las,2026-01-24,"Walz: Minnesota's justice system will have the last word on this.   As I told the white house in no uncertain terms this morning, the federal government cannot be trusted to lead this investigation. The state will handle it. Period.",3md6xpic7nf26
patriottakes.bsky.social,https://bsky.app/profile/patriottakes.bsky.social/post/3md4yfn2fzc2t,JD Vance affirms the argument by some that not eno,2026-01-24,JD Vance affirms the argument by some that not enough anti-abortion action has been taken by Trump,3md4yfn2fzc2t
acyn.bsky.social,https://bsky.app/profile/acyn.bsky.social/post/3md6xto34e424,"Walz: Minnesotans are witnessing, and we're creati",2026-01-24,"Walz: Minnesotans are witnessing, and we're creating a log of evidence for the future prosecution of ice agents and officials responsible for this.",3md6xto34e424
acyn.bsky.social,https://bsky.app/profile/acyn.bsky.social/post/3md7b3wt72t2e,Noem: This looks like a situation where an individ,2026-01-24,Noem: This looks like a situation where an individual arrived at the scene to inflict maximum damage on individuals and to kill law enforcement.,3md7b3wt72t2e
acyn.bsky.social,https://bsky.app/profile/acyn.bsky.social/post/3md4in7ozxs2x,Shuler: So I think your question about augmentatio,2026-01-23,"Shuler: So I think your question about augmentation versus replacement is the big question we have. If we can all agree that this is about making our jobs better, safer, easier, and more productive, then we’re all in. But if you’re looking to de-skill, dehumanize, and replace workers…",3md4in7ozxs2x
ronfilipkowski.bsky.social,https://bsky.app/profile/ronfilipkowski.bsky.social/post/3md4cjuzx622y,UK Armed Forces Undersecretary Alistair Carns on T,2026-01-23,"UK Armed Forces Undersecretary Alistair Carns on Trump’s statement that they stayed behind the front lines in Afghanistan: “I served 5 tours alongside Americans. We shed blood, sweat and tears together. There’s only one thing worse than working with allies - and that is working without them.”",3md4cjuzx622y
patriottakes.bsky.social,https://bsky.app/profile/patriottakes.bsky.social/post/3md2r3zoz4c2o,"Today, Paris Hilton was in Congress getting suppor",2026-01-23,"Today, Paris Hilton was in Congress getting support for much needed anti-AI deepfake porn legislation.   In contrast, Trump, in 2003, said Paris Hilton is very beautiful and he met her when she was 12. Trump then said he saw her leaked sex tape and Melania showed it to him.",3md2r3zoz4c2o
patriottakes.bsky.social,https://bsky.app/profile/patriottakes.bsky.social/post/3md3uaggljk2q,Trump shared a video of a Fox News guest calling h,2026-01-23,Trump shared a video of a Fox News guest calling him “daddy”,3md3uaggljk2q
patriottakes.bsky.social,https://bsky.app/profile/patriottakes.bsky.social/post/3md4k3rw7a22b,Multiple clips of Donald Trump promising to lower ,2026-01-23,Multiple clips of Donald Trump promising to lower electricity bills and energy prices by 50% within one year of retaking office.   It has been a year. Is your energy bill half of what it was 12 months ago?,3md4k3rw7a22b
acyn.bsky.social,https://bsky.app/profile/acyn.bsky.social/post/3md4hwq3l2s2v,Shuler: The economy isn’t working for working peop,2026-01-23,"Shuler: The economy isn’t working for working people right now. We have inequality at its highest levels. People are working harder and harder for less. They’re working two and three jobs just to keep up. In the U.S., 40 percent of workers do not have $400 for an emergency  Now put AI on top of that",3md4hwq3l2s2v
patriottakes.bsky.social,https://bsky.app/profile/patriottakes.bsky.social/post/3md4let3zhs2b,Trump shared an AI-generated video showing an Indy,2026-01-23,Trump shared an AI-generated video showing an IndyCar race surrounding the Capitol Building,3md4let3zhs2b
ronfilipkowski.bsky.social,https://bsky.app/profile/ronfilipkowski.bsky.social/post/3md4agq67pk2d,UK PM Keir Starmer reacts to Cadet Bone Spurs clai,2026-01-23,"UK PM Keir Starmer reacts to Cadet Bone Spurs claiming that allied troops stayed back behind the front lines in Afghanistan to avoid combat: “457 of our armed services lost their lives, many more were injured. So I consider Trump’s remarks to be insulting and apalling.”",3md4agq67pk2d
acyn.bsky.social,https://bsky.app/profile/acyn.bsky.social/post/3md4ohidtzk2m,Kinzinger: I saw a stupid post with a picture of T,2026-01-23,"Kinzinger: I saw a stupid post with a picture of The Art of the Deal, saying, “If you want to understand Donald Trump…” blah blah blah. And I’m like, actually, if you want to understand Donald Trump, we need the rest of the Epstein files.",3md4ohidtzk2m
acyn.bsky.social,https://bsky.app/profile/acyn.bsky.social/post/3md2hgscq2s23,Goldman: It’s shocking to me how much the media ta,2026-01-23,Goldman: It’s shocking to me how much the media talked about Biden’s mental state and are not talking about Donald Trump. He can barely put a coherent sentence together. You have someone who is clearly not all there,3md2hgscq2s23
acyn.bsky.social,https://bsky.app/profile/acyn.bsky.social/post/3md4bz7g4mb2g,Johnson: I was the product of an unplanned teen pr,2026-01-23,Johnson: I was the product of an unplanned teen pregnancy and a lot of people tried to convince my young parents that they should take care of that problem,3md4bz7g4mb2g
acyn.bsky.social,https://bsky.app/profile/acyn.bsky.social/post/3md4hkthjds2v,Shuler: Are we now saying that this is what we’re ,2026-01-23,"Shuler: Are we now saying that this is what we’re getting to, that an athlete can’t use professional judgment without an AI system evaluating them at every turn and saying whether they made the right decision to make a pass to this player or that player?",3md4hkthjds2v
acyn.bsky.social,https://bsky.app/profile/acyn.bsky.social/post/3md2hvwvpp223,Frost: Any person who sees the president in his sp,2026-01-23,Frost: Any person who sees the president in his speeches blabbering incoherently knows that there is something bigger going on there.,3md2hvwvpp223
acyn.bsky.social,https://bsky.app/profile/acyn.bsky.social/post/3md2ryzpuw22p,"Healey: Whether it’s ballrooms, or masked agents, ",2026-01-23,"Healey: Whether it’s ballrooms, or masked agents, or attacks on Europe and Greenland…This is not normal. It’s not normal to have somebody who acts like a two-year-old throwing a tantrum. On any given day, we don’t know what he’s going to do.  This shouldn’t be normalized. It’s not right.",3md2ryzpuw22p
acyn.bsky.social,https://bsky.app/profile/acyn.bsky.social/post/3md2vduvp422p,"Jens-Frederik Nielsen, Prime Minister of Greenland",2026-01-23,"Jens-Frederik Nielsen, Prime Minister of Greenland: First of all, nobody other than Greenland and the Kingdom of Denmark have the mandate to make deals or agreements about Greenland and the Kingdom of Denmark without us. That’s not going to happen.",3md2vduvp422p
acyn.bsky.social,https://bsky.app/profile/acyn.bsky.social/post/3md2veysyh22p,"Jens-Frederik Nielsen, Prime Minister of Greenland",2026-01-23,"Jens-Frederik Nielsen, Prime Minister of Greenland: Sovereignty is a red line. Our integrity, our borders, and international law are definitely, definitely a red line that we don’t want anyone to cross.",3md2veysyh22p
acyn.bsky.social,https://bsky.app/profile/acyn.bsky.social/post/3md2vhdxno22p,Canadian PM Carney: Canada and the United States h,2026-01-23,"Canadian PM Carney: Canada and the United States have built a remarkable partnership in the economy, in security, and in rich cultural exchange. But Canada doesn’t live because of the United States. Canada thrives because we are Canadian.",3md2vhdxno22p
ronfilipkowski.bsky.social,https://bsky.app/profile/ronfilipkowski.bsky.social/post/3mczsrh2q3s2i,Mike Fanone and Ivan Raiklin get into it at the Ja,2026-01-22,Mike Fanone and Ivan Raiklin get into it at the Jack Smith hearing.,3mczsrh2q3s2i
acyn.bsky.social,https://bsky.app/profile/acyn.bsky.social/post/3md2d6wf2ps2w,Popok: There are many things the American public w,2026-01-22,"Popok: There are many things the American public will tolerate, including an ideological divide in our politics, but a heartless president—I don’t think that’s one of them  Shapiro: A heartless president that leads to hungry kids. His heartlessness is leading to a level of cruelty in our communities",3md2d6wf2ps2w
acyn.bsky.social,https://bsky.app/profile/acyn.bsky.social/post/3md2dozd6jk23,"AOC: An agency that is attacking U.S. citizens, ki",2026-01-22,"AOC: An agency that is attacking U.S. citizens, kidnapping five-year-olds and using them as bait, and privately circulating the idea that they can violate the rights of Americans by busting down their doors—they deserve to be defunded, and I’ll take any step in that direction.",3md2dozd6jk23
acyn.bsky.social,https://bsky.app/profile/acyn.bsky.social/post/3md2edr75ny2s,Reporter: We saw the bruising on your hand. Are yo,2026-01-22,Reporter: We saw the bruising on your hand. Are you okay?  Trump: I’m very good. I clipped it on the table.,3md2edr75ny2s
acyn.bsky.social,https://bsky.app/profile/acyn.bsky.social/post/3mcxvpgwkgk2d,Johnson: I have no intention of getting in the way,2026-01-22,Johnson: I have no intention of getting in the way of President Trump and his administration. He has used the tariff power that he has under Article II. He has not exceeded his authority. There is no reason for the Article I branch to intervene.,3mcxvpgwkgk2d
acyn.bsky.social,https://bsky.app/profile/acyn.bsky.social/post/3mcyarddiv42e,Sellers: You all gave Obama hell because wore a br,2026-01-22,Sellers: You all gave Obama hell because wore a brown suit. But yet and still this man comes on stage in front of the world and he rambles and he misspeaks… he could have said that we solved the war between wakanda and namor. Republicans would have been like I'm glad we stopped that African country.,3mcyarddiv42e
acyn.bsky.social,https://bsky.app/profile/acyn.bsky.social/post/3mczpiwyq4g26,"Swalwell: My Republican colleagues, are a joke. Th",2026-01-22,"Swalwell: My Republican colleagues, are a joke. These guys are so lucky they're not under oath because they would have to tell you what they really think of Trump. They call him a scumbag. Everyone remembers Matt Gaetz laughing at how stupid he thought Trump was.",3mczpiwyq4g26
acyn.bsky.social,https://bsky.app/profile/acyn.bsky.social/post/3mczpwspacx2d,Lieu: How scared are Republicans of talking about ,2026-01-22,Lieu: How scared are Republicans of talking about the Epstein files? They would rather talk about the criminality of Donald Trump in trying to steal the election and stealing classified documents than about Trump's associations with Epstein,3mczpwspacx2d
acyn.bsky.social,https://bsky.app/profile/acyn.bsky.social/post/3mczvborods2b,"Smith: Again, and I think all of us, if we're reas",2026-01-22,"Smith: Again, and I think all of us, if we're reasonable, know that there's going to be more crimes committed by these people in the future. I do not understand why you would mass pardon people who assaulted police officers. I don't get it. I never will.",3mczvborods2b
acyn.bsky.social,https://bsky.app/profile/acyn.bsky.social/post/3mczvkh62mo26,Nehls: I would like to quickly address the police ,2026-01-22,Nehls: I would like to quickly address the police officers from January 6th. And I can tell you that the fault does not lie with Donald Trump. It lies with the US capitol leadership team.  Fanone: *Coughs: Go fuck yourself*,3mczvkh62mo26
acyn.bsky.social,https://bsky.app/profile/acyn.bsky.social/post/3mczytsjtu42e,"Vance: If we're trying to find a sex offender, tel",2026-01-22,"Vance: If we're trying to find a sex offender, tell us where the guy lives.",3mczytsjtu42e
patriottakes.bsky.social,https://bsky.app/profile/patriottakes.bsky.social/post/3md2bclfnjk2a,Erika Kirk called the protests against ICE and Tru,2026-01-22,Erika Kirk called the protests against ICE and Trump “demonic”,3md2bclfnjk2a
patriottakes.bsky.social,https://bsky.app/profile/patriottakes.bsky.social/post/3mcwudiikfs2z,"Trump, on the world stage at Davos, is having diff",2026-01-21,"Trump, on the world stage at Davos, is having difficulty walking in a straight line again",3mcwudiikfs2z
acyn.bsky.social,https://bsky.app/profile/acyn.bsky.social/post/3mcxasxeyqp2y,Trump: Sometimes you need a dictator,2026-01-21,Trump: Sometimes you need a dictator,3mcxasxeyqp2y
acyn.bsky.social,https://bsky.app/profile/acyn.bsky.social/post/3mcxe5lkars2o,"McGovern: Well, he said a lot of crazy shit today.",2026-01-21,"McGovern: Well, he said a lot of crazy shit today. I think it’s time to take the keys away from grandpa. He doesn’t seem like he’s all there.",3mcxe5lkars2o
acyn.bsky.social,https://bsky.app/profile/acyn.bsky.social/post/3mcxmgmm6zr2g,Ryan: I think the clear thing is the president is ,2026-01-21,"Ryan: I think the clear thing is the president is failing and flailing all across the board. And this is another attempt. He can't even get the country's name right, for goodness sakes, which is just pathetic.",3mcxmgmm6zr2g
acyn.bsky.social,https://bsky.app/profile/acyn.bsky.social/post/3mcxpf6wlau26,.@PabloReports: Do you think that Renee Good and h,2026-01-21,".@PabloReports: Do you think that Renee Good and her wife are domestic terrorists, like Noem has suggested?  Burchett: I guess we’ll find that out in a court of law.",3mcxpf6wlau26
acyn.bsky.social,https://bsky.app/profile/acyn.bsky.social/post/3mcxpiejqd524,.@PabloReports: How big of a factor is Trump’s men,2026-01-21,".@PabloReports: How big of a factor is Trump’s mental decline after what he has been saying in Davos?  Beyer: It’s very significant. Sadly, cognitive decline doesn’t get better. It’s only going to get worse in the weeks to come.",3mcxpiejqd524
acyn.bsky.social,https://bsky.app/profile/acyn.bsky.social/post/3mcxpshxuip2u,Crow: I’m concerned about the president destroying,2026-01-21,"Crow: I’m concerned about the president destroying our alliances, destroying our economy, destroying working class Americans' livelihoods… this president is destroying everything that he touches ",3mcxpshxuip2u
acyn.bsky.social,https://bsky.app/profile/acyn.bsky.social/post/3mcxpx2grt72e,.@PabloReports: What do you make of Trump’s cognit,2026-01-21,.@PabloReports: What do you make of Trump’s cognitive decline?  Crockett: I honestly don’t think he was equipped to be sworn into office in the first place. ,3mcxpx2grt72e
acyn.bsky.social,https://bsky.app/profile/acyn.bsky.social/post/3mcxqyozis22d,AOC: The president has been acting in increasingly,2026-01-21,"AOC: The president has been acting in increasingly erratic ways. It is really damning when we think about the degree to which media outlets reported on Joe Biden, yet we are seeing behavior from Trump that is alarming and everyone is pretending this is normal.",3mcxqyozis22d
acyn.bsky.social,https://bsky.app/profile/acyn.bsky.social/post/3mcxrkxrhrn26,Ryan: I've said it from the beginning: this is jus,2026-01-21,"Ryan: I've said it from the beginning: this is just a straight up un-American thing, anytime in our history that we've done things like this, we've looked back and said we lost our way, and they're doing it again.",3mcxrkxrhrn26
acyn.bsky.social,https://bsky.app/profile/acyn.bsky.social/post/3mcxrl2aqxc2s,Ryan: The fact that he couldn’t even get the name ,2026-01-21,Ryan: The fact that he couldn’t even get the name of the country right that he was saying he wanted to invade… his cognitive decline is well documented but that can’t be at the expense of my constituents and the people in uniform. ,3mcxrl2aqxc2s
acyn.bsky.social,https://bsky.app/profile/acyn.bsky.social/post/3mcxuji5qqk2d,Renee Good Family’s Lawyer: We gave the federal go,2026-01-21,Renee Good Family’s Lawyer: We gave the federal government a letter of preservation last week. We asked them to preserve that vehicle to make sure that it’s stored in a safe manner so that none of the evidence gets altered…That is an example of one piece of evidence that we don’t have access to.,3mcxuji5qqk2d
ronfilipkowski.bsky.social,https://bsky.app/profile/ronfilipkowski.bsky.social/post/3mcsxanrmu22q,I always thought MLK’s ‘Mountaintop’ speech was hi,2026-01-20,"I always thought MLK’s ‘Mountaintop’ speech was his best, which was given the day before he was killed. It is especially relevant given what is happening now in MN and elsewhere. He was getting many serious threats, which he references in his line “I may not get there with you.”",3mcsxanrmu22q
patriottakes.bsky.social,https://bsky.app/profile/patriottakes.bsky.social/post/3mcutczv2yk2c,"Unconfirmed Trump official Paul Ingrassia, who GOP",2026-01-20,"Unconfirmed Trump official Paul Ingrassia, who GOP senators rejected due to hateful comments, interacting with the humanoid Phantom Mark 1 robot at Foundation’s San Francisco headquarters.  Wall visuals describe the robots as “killers by design” and mention working with the DoD.",3mcutczv2yk2c
patriottakes.bsky.social,https://bsky.app/profile/patriottakes.bsky.social/post/3mcsj3f5ask2d,A fashion show at Mar-a-Lago accompanied by a live,2026-01-19,"A fashion show at Mar-a-Lago accompanied by a live opera singer.   Meanwhile, Trump has cut fine arts funding and increased the price of clothing.",3mcsj3f5ask2d
patriottakes.bsky.social,https://bsky.app/profile/patriottakes.bsky.social/post/3mcsajoz5ks23,Trump golfing yesterday during his 4 day Palm Beac,2026-01-19,Trump golfing yesterday during his 4 day Palm Beach trip. These golf trips add up costing taxpayers millions.  Why doesn’t the GOP cut these trips instead of food stamps for poor children?,3mcsajoz5ks23
patriottakes.bsky.social,https://bsky.app/profile/patriottakes.bsky.social/post/3mcnsxoypu223,Trump waiving to guests at Mar-a-Lago today. He’s ,2026-01-17,Trump waiving to guests at Mar-a-Lago today. He’s enjoying a 4 day weekend in Palm Beach as Americans continue to experience economic hardships.,3mcnsxoypu223
patriottakes.bsky.social,https://bsky.app/profile/patriottakes.bsky.social/post/3mckyxc5dx22b,Lindsey Graham: “The pro life cause is alive and w,2026-01-16,"Lindsey Graham: “The pro life cause is alive and well in the Republican-controlled House and Senate, and we’re going to speak up.  And I’ve been talking about killing people for four days, so I look forward to talking about saving some lives here.”",3mckyxc5dx22b
ronfilipkowski.bsky.social,https://bsky.app/profile/ronfilipkowski.bsky.social/post/3mck6fwurn22o,Jimmy Kimmel offers to let Trump have one of his t,2026-01-16,Jimmy Kimmel offers to let Trump have one of his trophies if he will pull ICE out of Minneapolis.,3mck6fwurn22o
ronfilipkowski.bsky.social,https://bsky.app/profile/ronfilipkowski.bsky.social/post/3mckjylyvjs2z,Mike Lindell lays out his platform for his MN gove,2026-01-16,Mike Lindell lays out his platform for his MN governor campaign. He says he will ban Sharia Law on day one and arrest all the people protesting ICE because they’re all being bussed in and aren’t from MN.,3mckjylyvjs2z
patriottakes.bsky.social,https://bsky.app/profile/patriottakes.bsky.social/post/3mcfgxvczd22x,“Let them eat cake”— Entertainers wearing dog mask,2026-01-14,“Let them eat cake”— Entertainers wearing dog masks and Rococo-era 18th-century European aristocratic court costumes danced for Mar-a-Lago guests at a party this weekend,3mcfgxvczd22x
patriottakes.bsky.social,https://bsky.app/profile/patriottakes.bsky.social/post/3mcdf4rfd3c22,Entertainers dancing at Trump’s Mar-a-Lago home th,2026-01-13,Entertainers dancing at Trump’s Mar-a-Lago home this weekend. One guest at the end really enjoyed himself.,3mcdf4rfd3c22
patriottakes.bsky.social,https://bsky.app/profile/patriottakes.bsky.social/post/3mcdqknk6k22e,Trump rambling about landing on an aircraft carrie,2026-01-13,Trump rambling about landing on an aircraft carrier to his Mar-a-Lago guests,3mcdqknk6k22e
patriottakes.bsky.social,https://bsky.app/profile/patriottakes.bsky.social/post/3mcdp65n3js2e,Pro-Trump pastors at the White House singing “How ,2026-01-13,Pro-Trump pastors at the White House singing “How Great Thou Art” as Trump continues terrorizing and breaking up migrant families,3mcdp65n3js2e
patriottakes.bsky.social,https://bsky.app/profile/patriottakes.bsky.social/post/3mcdlsvbdfc2e,"Amazing, a Ford worker called Trump a “pedophile p",2026-01-13,"Amazing, a Ford worker called Trump a “pedophile protector” during his visit to an assembly plant in Michigan today.  In return, Trump, who has failed to release the Epstein files, yelled, “fuck you” and flipped off the worker.",3mcdlsvbdfc2e
patriottakes.bsky.social,https://bsky.app/profile/patriottakes.bsky.social/post/3mcbe7j43zs2o,Have missed the entire point of the Star Trek fran,2026-01-13,"Have missed the entire point of the Star Trek franchise, Pete Hegseth made the Vulcan hand symbol while standing next to Elon Musk today in Texas",3mcbe7j43zs2o
patriottakes.bsky.social,https://bsky.app/profile/patriottakes.bsky.social/post/3mccm5k7mns2o,A buffet line at Trump’s golf club as his administ,2026-01-13,A buffet line at Trump’s golf club as his administration cuts meals for elementary students,3mccm5k7mns2o
patriottakes.bsky.social,https://bsky.app/profile/patriottakes.bsky.social/post/3mcctjwpbrc2d,DHS defended an ICE agent caught following a handc,2026-01-13,DHS defended an ICE agent caught following a handcuffed migrant into a porta-potty in Minnesota.  The agency said their “policy is to never allow a subject in custody to enter an enclosed area alone” and claimed the migrant was a man.  Video: MN ICE Watch (IG: mnicewatch),3mcctjwpbrc2d
patriottakes.bsky.social,https://bsky.app/profile/patriottakes.bsky.social/post/3mcd3dleoas27,Scott Adams: “The best advice I would give to whit,2026-01-13,Scott Adams: “The best advice I would give to white people is to get the hell away from Black people…  So I think it makes no sense whatsoever as a white citizen of America to try to help Black citizens anymore.”  This is who JD Vance and Trump are celebrating today.,3mcd3dleoas27
patriottakes.bsky.social,https://bsky.app/profile/patriottakes.bsky.social/post/3mcd73rei4222,A “Jerusalem Prayer Breakfast” at Trump’s Mar-a-La,2026-01-13,A “Jerusalem Prayer Breakfast” at Trump’s Mar-a-Lago home this morning,3mcd73rei4222
patriottakes.bsky.social,https://bsky.app/profile/patriottakes.bsky.social/post/3mc72efule22m,Flashback Kamala Harris: “Donald Trump intends to ,2026-01-12,Flashback Kamala Harris: “Donald Trump intends to use the United States Military against American citizens who simply disagree with him.”,3mc72efule22m
patriottakes.bsky.social,https://bsky.app/profile/patriottakes.bsky.social/post/3mcajs62qhc2u,“The place to be is Saudi Arabia …the place to be ,2026-01-12,"“The place to be is Saudi Arabia …the place to be is home”—   Trump announces new “Trump Mansions” in Riyadh, “where winners reside,” a place with “clean air…” #AmericaFirst",3mcajs62qhc2u
ronfilipkowski.bsky.social,https://bsky.app/profile/ronfilipkowski.bsky.social/post/3mbzufwcevc2j,"These are the times I thought, if there really is ",2026-01-10,"These are the times I thought, if there really is a Deep State, this is the guy who could take it down. But alas, it was not to be.",3mbzufwcevc2j
patriottakes.bsky.social,https://bsky.app/profile/patriottakes.bsky.social/post/3mbzbs26xok26,The White House’s rapid response account has poste,2026-01-09,The White House’s rapid response account has posted video of ICE agent Jonathan Ross shooting Renée Nicole Good in the head and then calling her a “fucking bitch.”,3mbzbs26xok26
patriottakes.bsky.social,https://bsky.app/profile/patriottakes.bsky.social/post/3mbx7prx7ik2u,Here is Renée Nicole Good’s name (Renée Nicole Mac,2026-01-09,Here is Renée Nicole Good’s name (Renée Nicole Macklin) being read off during a virtual commencement ceremony in December 2020.   Good graduated with a degree in English from Old Dominion University.,3mbx7prx7ik2u
ronfilipkowski.bsky.social,https://bsky.app/profile/ronfilipkowski.bsky.social/post/3mbyoo4be3c2w,I think it is probably a bad idea to put clearly u,2026-01-09,"I think it is probably a bad idea to put clearly unhinged, angry psychopaths in federal law enforcement positions.",3mbyoo4be3c2w
ronfilipkowski.bsky.social,https://bsky.app/profile/ronfilipkowski.bsky.social/post/3mbwaqmsny22n,The agent was not in the path of the SUV when he f,2026-01-08,The agent was not in the path of the SUV when he fired 3 shots” and was not run over.,3mbwaqmsny22n
patriottakes.bsky.social,https://bsky.app/profile/patriottakes.bsky.social/post/3mbv77bxxrk2f,Border czar Tom Homan on the video of an ICE agent,2026-01-08,Border czar Tom Homan on the video of an ICE agent shooting a woman in Minneapolis:  “It would be unprofessional to comment on what I think happened in that situation. Let the investigation play out.”,3mbv77bxxrk2f
patriottakes.bsky.social,https://bsky.app/profile/patriottakes.bsky.social/post/3mbu67vp67c2q,"According to witnesses, this is the masked ICE age",2026-01-07,"According to witnesses, this is the masked ICE agent who shot the driver in Minneapolis. He shot from the side into the vehicle.  This is him walking away from the crashed vehicle.",3mbu67vp67c2q
patriottakes.bsky.social,https://bsky.app/profile/patriottakes.bsky.social/post/3mbsgzg56l22c,GOP Senator Lindsey Graham: “And to the Ayatollahs,2026-01-07,"GOP Senator Lindsey Graham: “And to the Ayatollahs, you need to understand, if you keep killing your people who are demanding a better life, Donald J. Trump is going to kill you.”",3mbsgzg56l22c
patriottakes.bsky.social,https://bsky.app/profile/patriottakes.bsky.social/post/3mbu6n6ix6k2q,"This is Trump’s masked ICE agent, who shot the wom",2026-01-07,"This is Trump’s masked ICE agent, who shot the woman in Minneapolis, fleeing from the scene about 90 seconds after the shooting.  You can hear a witness yelling, “Don’t let the murderer leave.”",3mbu6n6ix6k2q
ronfilipkowski.bsky.social,https://bsky.app/profile/ronfilipkowski.bsky.social/post/3mbsa6jermk2p,Thomas Massie tonight says DOJ is citing laws that,2026-01-07,"Thomas Massie tonight says DOJ is citing laws that don’t apply to hide key parts of the Epstein files: “They’re still trying to protect billionaires, politically connected people, and trying to obscure the involvement of our own intelligence agencies.”",3mbsa6jermk2p
patriottakes.bsky.social,https://bsky.app/profile/patriottakes.bsky.social/post/3mbrdmryol22a,"Flashback: On January 6th, Marco Rubio compared Tr",2026-01-06,"Flashback: On January 6th, Marco Rubio compared Trump’s MAGA Capitol attack to the military coup of Cuba.",3mbrdmryol22a
patriottakes.bsky.social,https://bsky.app/profile/patriottakes.bsky.social/post/3mbralcctv22m,FLASHBACK: Charlie Kirk on January 6th: “All the p,2026-01-06,"FLASHBACK: Charlie Kirk on January 6th: “All the people that came into Congress today, that broke the law, should be held to the highest level of criminal prosecution.”",3mbralcctv22m
patriottakes.bsky.social,https://bsky.app/profile/patriottakes.bsky.social/post/3mbicpqxumc2o,GOP Rep. Tom Emmer enjoying the music at Mar-a-Lag,2026-01-03,GOP Rep. Tom Emmer enjoying the music at Mar-a-Lago as Trump cuts childcare funds in his state,3mbicpqxumc2o
patriottakes.bsky.social,https://bsky.app/profile/patriottakes.bsky.social/post/3mbi3wmpusc2j,Trump mentioning the Pope’s brother at his Mar-a-L,2026-01-02,Trump mentioning the Pope’s brother at his Mar-a-Lago “yacht party.”  Trump has not reported to the White House in almost 2 weeks. He has been throwing multiple parties and dinners at his Palm Beach resorts instead.,3mbi3wmpusc2j
patriottakes.bsky.social,https://bsky.app/profile/patriottakes.bsky.social/post/3mbg2rpaljs2h,Kristi Noem dancing along to Vanilla Ice at Mar-a-,2026-01-02,Kristi Noem dancing along to Vanilla Ice at Mar-a-Lago,3mbg2rpaljs2h
ronfilipkowski.bsky.social,https://bsky.app/profile/ronfilipkowski.bsky.social/post/3mbfnunvxok23,Nobody parties harder than Stephen Miller.,2026-01-02,Nobody parties harder than Stephen Miller.,3mbfnunvxok23
patriottakes.bsky.social,https://bsky.app/profile/patriottakes.bsky.social/post/3mbetu2545c2i,Caviar station and ice sculpture at Trump’s Mar-a-,2026-01-01,Caviar station and ice sculpture at Trump’s Mar-a-Lago party as food banks continue to be stretched thin,3mbetu2545c2i
patriottakes.bsky.social,https://bsky.app/profile/patriottakes.bsky.social/post/3mbetspq4cs2i,Caviar station and ice sculpture at Trump’s Mar-a-,2026-01-01,Caviar station and ice sculpture at Trump’s Mar-a-Lago party as food banks continue to be stretched thin,3mbetspq4cs2i
patriottakes.bsky.social,https://bsky.app/profile/patriottakes.bsky.social/post/3mbet5hhwbs2i,Mar-a-Lago guests dining at Trump’s fancy party at,2026-01-01,Mar-a-Lago guests dining at Trump’s fancy party at Americans struggle with grocery prices,3mbet5hhwbs2i
patriottakes.bsky.social,https://bsky.app/profile/patriottakes.bsky.social/post/3mbeqcaynrk2i,The party last night inside Trump’s Mar-a-Lago bal,2026-01-01,The party last night inside Trump’s Mar-a-Lago ballroom. He wants to replicate this at the White House.,3mbeqcaynrk2i
patriottakes.bsky.social,https://bsky.app/profile/patriottakes.bsky.social/post/3mbeqbdbyus2i,The party last night inside Trump’s Mar-a-Lago bal,2026-01-01,The party last night inside Trump’s Mar-a-Lago ballroom. He wants to replicate this at the White House.,3mbeqbdbyus2i
patriottakes.bsky.social,https://bsky.app/profile/patriottakes.bsky.social/post/3mberix6wuc2i,"Trump, who cut music education funding for schools",2026-01-01,"Trump, who cut music education funding for schools, had musicians greeting guests as they arrived at his Mar-a-Lago party.",3mberix6wuc2i
patriottakes.bsky.social,https://bsky.app/profile/patriottakes.bsky.social/post/3mbepg3xuec2i,Vanilla Ice performing with a dancing Ninja Turtle,2026-01-01,Vanilla Ice performing with a dancing Ninja Turtle at Trump’s Mar-a-Lago New Year’s Eve party,3mbepg3xuec2i
patriottakes.bsky.social,https://bsky.app/profile/patriottakes.bsky.social/post/3mbctw35vt22a,Trump at his golf club recently. Trump hasn’t been,2025-12-31,Trump at his golf club recently. Trump hasn’t been to the White House in 11 days.,3mbctw35vt22a
ronfilipkowski.bsky.social,https://bsky.app/profile/ronfilipkowski.bsky.social/post/3mb6gt3x3xc2g,So Netanyahu met with Trump today and now Trump is,2025-12-30,So Netanyahu met with Trump today and now Trump is threatening to bomb Iran again. Amazing how that happens.,3mb6gt3x3xc2g
ronfilipkowski.bsky.social,https://bsky.app/profile/ronfilipkowski.bsky.social/post/3mb6f7fw5fc2g,I’m sure Ukraine can trust Trump’s “security guara,2025-12-30,I’m sure Ukraine can trust Trump’s “security guarantees” in a peace deal. Nothing to worry about. His word is solid. Like oak.,3mb6f7fw5fc2g
patriottakes.bsky.social,https://bsky.app/profile/patriottakes.bsky.social/post/3mb5zsrq5r22w,Trump shared this bonkers video of Roseanne Barr c,2025-12-29,Trump shared this bonkers video of Roseanne Barr claiming COVID and the Post Office were used to cheat Trump out of winning the 2020 election,3mb5zsrq5r22w
patriottakes.bsky.social,https://bsky.app/profile/patriottakes.bsky.social/post/3mb5x4xvu3c2i,Trump posted this video suggesting turning July 4t,2025-12-29,"Trump posted this video suggesting turning July 4th into Election Day, and eliminating all other voting days",3mb5x4xvu3c2i
patriottakes.bsky.social,https://bsky.app/profile/patriottakes.bsky.social/post/3mb5rvg4kh22i,Trump shared this video which at one point implied,2025-12-29,Trump shared this video which at one point implied he isn’t on the Epstein list,3mb5rvg4kh22i
ronfilipkowski.bsky.social,https://bsky.app/profile/ronfilipkowski.bsky.social/post/3mansczr6wc2f,Trump’s new special envoy to Greenland Jeff Landry,2025-12-23,Trump’s new special envoy to Greenland Jeff Landry says he’s the perfect person to persuade them to become part of the US because his family has lived in Louisiana for 300 years and Greenland falls under the Monroe Doctrine and he going to bring them great Cajun food.,3mansczr6wc2f
patriottakes.bsky.social,https://bsky.app/profile/patriottakes.bsky.social/post/3mama4wif7c2b,South Carolina GOP candidate Pastor John Lastinger,2025-12-22,"South Carolina GOP candidate Pastor John Lastinger preaches against food assistance for the poor, calling it “socialism.”  Lastinger is running to replace GOP Rep. RJ May who pleaded guilty to distributing sexual abuse material involving children. The election is Tuesday.",3mama4wif7c2b
patriottakes.bsky.social,https://bsky.app/profile/patriottakes.bsky.social/post/3mam25yddh22i,Young women entering Trump’s golf club to sing las,2025-12-22,Young women entering Trump’s golf club to sing last night,3mam25yddh22i
ronfilipkowski.bsky.social,https://bsky.app/profile/ronfilipkowski.bsky.social/post/3majyrikeyk2f,Why did CBS delete this promo and cancel this from,2025-12-22,Why did CBS delete this promo and cancel this from airing in full?,3majyrikeyk2f
patriottakes.bsky.social,https://bsky.app/profile/patriottakes.bsky.social/post/3malyrfiu5s2i,Multiple tables of desserts at Trump’s golf club a,2025-12-22,Multiple tables of desserts at Trump’s golf club as food banks around the country run low on supplies,3malyrfiu5s2i
ronfilipkowski.bsky.social,https://bsky.app/profile/ronfilipkowski.bsky.social/post/3mahqlfwgfc23,Andrew Tate and Jake Paul losing the same weekend.,2025-12-21,Andrew Tate and Jake Paul losing the same weekend. Sad.,3mahqlfwgfc23
ronfilipkowski.bsky.social,https://bsky.app/profile/ronfilipkowski.bsky.social/post/3mag4oxluok2t,Trump endorses Mike Lindell in his run for governo,2025-12-20,Trump endorses Mike Lindell in his run for governor of Minnesota.,3mag4oxluok2t
ronfilipkowski.bsky.social,https://bsky.app/profile/ronfilipkowski.bsky.social/post/3maepiom3es2h,Montage of Howard Lutnick over the past 9 months c,2025-12-19,Montage of Howard Lutnick over the past 9 months constantly moving the goalposts on when the economy is going to be booming - 4Q! 1Q! 2Q! 1 year!   He was asked in March when it wasn’t going to be Biden’s fault anymore: “We own the economy in the 4th quarter!”,3maepiom3es2h
ronfilipkowski.bsky.social,https://bsky.app/profile/ronfilipkowski.bsky.social/post/3ma7v7ukd2k2q,Former OK schools chief Ryan Walters is melting do,2025-12-18,"Former OK schools chief Ryan Walters is melting down after the OK Supreme Court struck down the history curriculum he mandated, which included Bible study and materials arguing that the 2020 election was stolen.",3ma7v7ukd2k2q
ronfilipkowski.bsky.social,https://bsky.app/profile/ronfilipkowski.bsky.social/post/3ma7522dp2k2f,Kash Patel’s FBI is working hard to find the Brown,2025-12-17,Kash Patel’s FBI is working hard to find the Brown University shooting suspect.,3ma7522dp2k2f
ronfilipkowski.bsky.social,https://bsky.app/profile/ronfilipkowski.bsky.social/post/3ma5fgww6os2j,Kash says it’s unfair for people to criticize him ,2025-12-17,"Kash says it’s unfair for people to criticize him for using the FBI jet to see his girlfriend because he only goes to about 15% of her music performances, and nobody criticized the former directors for going on vacations.",3ma5fgww6os2j
ronfilipkowski.bsky.social,https://bsky.app/profile/ronfilipkowski.bsky.social/post/3ma6onceiy227,The trailer for Melania’s movie is out.,2025-12-17,The trailer for Melania’s movie is out.,3ma6onceiy227
ronfilipkowski.bsky.social,https://bsky.app/profile/ronfilipkowski.bsky.social/post/3ma2yfnpvlc2g,Mike Johnson refuses to comment on Trump’s post ab,2025-12-16,Mike Johnson refuses to comment on Trump’s post about Rob Reiner and runs away from reporters.,3ma2yfnpvlc2g
ronfilipkowski.bsky.social,https://bsky.app/profile/ronfilipkowski.bsky.social/post/3ma5bqxyn7c24,Kash Patel & his girlfriend are on Katie Miller’s ,2025-12-16,"Kash Patel & his girlfriend are on Katie Miller’s podcast. Kash said he has to work very hard to make their long distance relationship work: “Like anybody else, we get on planes and met where we could. Sometimes Nashville, sometimes Vegas, or on the road wheee she’s performing.”",3ma5bqxyn7c24
ronfilipkowski.bsky.social,https://bsky.app/profile/ronfilipkowski.bsky.social/post/3ma5cbufaic24,Kash gets emotional describing how he and his girl,2025-12-16,"Kash gets emotional describing how he and his girlfriend deal with people on social media who criticize their relationship, but he says those people are just envious of the fact that they are both thriving and so successful.",3ma5cbufaic24
ronfilipkowski.bsky.social,https://bsky.app/profile/ronfilipkowski.bsky.social/post/3m7w3dfx5ts2s,25 posts in 3 days from CBS featuring Bari Weiss w,2025-12-14,25 posts in 3 days from CBS featuring Bari Weiss with Erika Kirk.   Or maybe Erika Kirk with Bari Weiss - it’s hard to tell who was supposed to be the one featured in all this.,3m7w3dfx5ts2s
ronfilipkowski.bsky.social,https://bsky.app/profile/ronfilipkowski.bsky.social/post/3m7tj4bhtj22q,Today in the Republican Party: Dan Crenshaw releas,2025-12-13,Today in the Republican Party: Dan Crenshaw releases a video explaining why he’s threatening to sue a podcaster for accusing him of hiring DJ Steve Aoki for a party and for claiming that Crenshaw was conspiring to get a gang of Navy SEALs together to physically assault him.,3m7tj4bhtj22q
ronfilipkowski.bsky.social,https://bsky.app/profile/ronfilipkowski.bsky.social/post/3m7v7ucym6s2i,Trump 2024 campaign video: “All other presidents f,2025-12-13,Trump 2024 campaign video: “All other presidents failed. They didn’t know what they were doing. I defeated ISIS in just a matter of weeks. Thank you.”,3m7v7ucym6s2i
ronfilipkowski.bsky.social,https://bsky.app/profile/ronfilipkowski.bsky.social/post/3m7jil7uf2c2v,This is when I knew Xi was going to take this babb,2025-12-09,"This is when I knew Xi was going to take this babbling fool to the cleaners, and us in the process.   The Golden Age of Dipshittery.",3m7jil7uf2c2v
ronfilipkowski.bsky.social,https://bsky.app/profile/ronfilipkowski.bsky.social/post/3m7ilrln6xk2r,Colton Moore just announced he is running for the ,2025-12-08,Colton Moore just announced he is running for the seat being vacated by Marge Greene.,3m7ilrln6xk2r
ronfilipkowski.bsky.social,https://bsky.app/profile/ronfilipkowski.bsky.social/post/3m7belw47m22n,We have become a profoundly ridiculous country. Th,2025-12-05,We have become a profoundly ridiculous country. This makes the Nero-era look sane and normal.,3m7belw47m22n
ronfilipkowski.bsky.social,https://bsky.app/profile/ronfilipkowski.bsky.social/post/3m7ahzwf4mc2u,The CEO of Palantir.,2025-12-05,The CEO of Palantir.,3m7ahzwf4mc2u
ronfilipkowski.bsky.social,https://bsky.app/profile/ronfilipkowski.bsky.social/post/3m777maohok2o,State propaganda media.,2025-12-05,State propaganda media.,3m777maohok2o
ronfilipkowski.bsky.social,https://bsky.app/profile/ronfilipkowski.bsky.social/post/3m6xwazzvoc2y,Pete Hegseth on Sept 3 talking about the strike on,2025-12-02,Pete Hegseth on Sept 3 talking about the strike on boats where 2 survivors were later killed in a second strike: “I watched it live.”,3m6xwazzvoc2y
ronfilipkowski.bsky.social,https://bsky.app/profile/ronfilipkowski.bsky.social/post/3m6xl4octjc2q,Junior is melting down tonight about the special e,2025-12-01,"Junior is melting down tonight about the special election tomorrow in TN, which should be a cakewalk for Republicans. But it isn’t, thanks to his dad’s unpopularity.",3m6xl4octjc2q
ronfilipkowski.bsky.social,https://bsky.app/profile/ronfilipkowski.bsky.social/post/3m6qagxjaq22t,Lindsey Graham sponsored the Afghan Adjustment Act,2025-11-29,Lindsey Graham sponsored the Afghan Adjustment Act: “This is the right thing to do. The people who were there with us in the fight who are here in America need to stay. This will be their new home. We have a moral obligation to these people and they will make great citizens.”,3m6qagxjaq22t
ronfilipkowski.bsky.social,https://bsky.app/profile/ronfilipkowski.bsky.social/post/3m6kqyczpgk2j,Interesting attire for a US Ambassador at a formal,2025-11-26,Interesting attire for a US Ambassador at a formal occasion.,3m6kqyczpgk2j
ronfilipkowski.bsky.social,https://bsky.app/profile/ronfilipkowski.bsky.social/post/3m6fdmkux7k2u,Melania Trump walks out of the WH for a photo op w,2025-11-24,Melania Trump walks out of the WH for a photo op with the Christmas Tree.,3m6fdmkux7k2u
ronfilipkowski.bsky.social,https://bsky.app/profile/ronfilipkowski.bsky.social/post/3m6ch3gv4k22p,Trump’s special envoy Witkoff put his hand over hi,2025-11-23,Trump’s special envoy Witkoff put his hand over his heart when Putin walked in the room. Like he’s reunited with a loved one. That really tells you all you need to know.,3m6ch3gv4k22p
ronfilipkowski.bsky.social,https://bsky.app/profile/ronfilipkowski.bsky.social/post/3m66nqf2wok2f,Marge Greene announces she is resigning from Congr,2025-11-22,"Marge Greene announces she is resigning from Congress, that she doesn’t want to go through a brutal primary against a Trump backed opponent, and says Trump has treated her like a battered wife and has been hateful to her and is trying to destroy her.",3m66nqf2wok2f
ronfilipkowski.bsky.social,https://bsky.app/profile/ronfilipkowski.bsky.social/post/3m5wz7so2vk23,"Yeah, I dont know Gym … bsky.app/profile/atru...",2025-11-19,"Yeah, I dont know Gym … bsky.app/profile/atru...",3m5wz7so2vk23
ronfilipkowski.bsky.social,https://bsky.app/profile/ronfilipkowski.bsky.social/post/3m5ydgwzuvc2x,"Montage of 19 clips of Trump insulting, berating, ",2025-11-19,"Montage of 19 clips of Trump insulting, berating, demeaning and attacking female reporters over the past few months. Part 1.",3m5ydgwzuvc2x
ronfilipkowski.bsky.social,https://bsky.app/profile/ronfilipkowski.bsky.social/post/3m5ydkiqu5s2x,Part 2,2025-11-19,Part 2,3m5ydkiqu5s2x
ronfilipkowski.bsky.social,https://bsky.app/profile/ronfilipkowski.bsky.social/post/3m5un6zdpuk2s,A member of the United States House of Representat,2025-11-18,"A member of the United States House of Representatives. It’s not necessary to tell you which politician party, that is self-evident.",3m5un6zdpuk2s
ronfilipkowski.bsky.social,https://bsky.app/profile/ronfilipkowski.bsky.social/post/3m5upfonzmk2s,Kristi Noem is mad that protesters are blowing whi,2025-11-18,Kristi Noem is mad that protesters are blowing whistles at ICE agents.,3m5upfonzmk2s
ronfilipkowski.bsky.social,https://bsky.app/profile/ronfilipkowski.bsky.social/post/3m5pcg5oi6k2w,Here is Trump when he owned the Miss Universe and ,2025-11-15,Here is Trump when he owned the Miss Universe and Miss Teen USA pageants bragging about how he “was able to get away with” going backstage when contestants were naked since he was the boss and he had to do “inspections.”,3m5pcg5oi6k2w
ronfilipkowski.bsky.social,https://bsky.app/profile/ronfilipkowski.bsky.social/post/3m5lpussmmk2u,Actor Jon Voight calls on Trump to “terminate imme,2025-11-14,Actor Jon Voight calls on Trump to “terminate immediately” the mayoralty of Mamdani because he’s going to turn NYC into “a forbidden place of darkness” and a “refugee shelter for the radical Muslim ideology.”,3m5lpussmmk2u
ronfilipkowski.bsky.social,https://bsky.app/profile/ronfilipkowski.bsky.social/post/3m5fjoxzgb22i,Trump’s gold bling in the WH reminded me of a clip,2025-11-12,Trump’s gold bling in the WH reminded me of a clip I posted 5 years ago of Charlie Sheen in the UK telling a story of the time Trump gave him a wedding gift.,3m5fjoxzgb22i
ronfilipkowski.bsky.social,https://bsky.app/profile/ronfilipkowski.bsky.social/post/3m5gvxgfn422r,Some bizarre stuff going down in the Oval these da,2025-11-12,Some bizarre stuff going down in the Oval these days. After spraying the Syrian president with his Trump Fragrance he then asks him how many wives he has.,3m5gvxgfn422r
thegoodliars.bsky.social,https://bsky.app/profile/thegoodliars.bsky.social/post/3m27dvj5hb22o,“Post-birth Abortion”,2025-10-02,“Post-birth Abortion”,3m27dvj5hb22o
waltermasterson.bsky.social,https://bsky.app/profile/waltermasterson.bsky.social/post/3lyvqbcvtws27,MAGA Logic:,2025-09-15,MAGA Logic:,3lyvqbcvtws27
waltermasterson.bsky.social,https://bsky.app/profile/waltermasterson.bsky.social/post/3lyvt2hdqjc27,I just exposed the DEEP STATE!,2025-09-15,I just exposed the DEEP STATE!,3lyvt2hdqjc27
waltermasterson.bsky.social,https://bsky.app/profile/waltermasterson.bsky.social/post/3ltz55ukqv22i,I tried to blend in at an Anti-Abortion rally.,2025-07-15,I tried to blend in at an Anti-Abortion rally.,3ltz55ukqv22i
thegoodliars.bsky.social,https://bsky.app/profile/thegoodliars.bsky.social/post/3lt3celqaqk2m,Substack officially LAUNCHED: substack.com/thegood,2025-07-03,Substack officially LAUNCHED: substack.com/thegoodliars,3lt3celqaqk2m
thegoodliars.bsky.social,https://bsky.app/profile/thegoodliars.bsky.social/post/3lny7ao6qnc2v,"Big anti-Trump protest in Warren, Michigan. Seemed",2025-04-29,"Big anti-Trump protest in Warren, Michigan. Seemed like more people than we saw in line for the Trump rally.",3lny7ao6qnc2v
thegoodliars.bsky.social,https://bsky.app/profile/thegoodliars.bsky.social/post/3liubwxitvk2j,Talked to someone wearing an ICE costume at CPAC.,2025-02-23,Talked to someone wearing an ICE costume at CPAC.,3liubwxitvk2j
waltermasterson.bsky.social,https://bsky.app/profile/waltermasterson.bsky.social/post/3lgt7zd5blc2j,Jesus Christ is not allowed here according to MAGA,2025-01-28,Jesus Christ is not allowed here according to MAGA😂,3lgt7zd5blc2j
waltermasterson.bsky.social,https://bsky.app/profile/waltermasterson.bsky.social/post/3lge7g4x3jc2u,Video_3lge7g4x3jc2u,2025-01-22,,3lge7g4x3jc2u
waltermasterson.bsky.social,https://bsky.app/profile/waltermasterson.bsky.social/post/3lfnu4dktes26,The time I trolled General Flynn.,2025-01-13,The time I trolled General Flynn.,3lfnu4dktes26
waltermasterson.bsky.social,https://bsky.app/profile/waltermasterson.bsky.social/post/3lfitwtnbpk2h,Does anyone in LA want to safely volunteer? Here i,2025-01-11,Does anyone in LA want to safely volunteer? Here is where you go.,3lfitwtnbpk2h
waltermasterson.bsky.social,https://bsky.app/profile/waltermasterson.bsky.social/post/3le6g6o3pmk2c,That time I called Matt Gaetz a Pedo.,2024-12-26,That time I called Matt Gaetz a Pedo.,3le6g6o3pmk2c
waltermasterson.bsky.social,https://bsky.app/profile/waltermasterson.bsky.social/post/3lcsxfdsudk2b,All of NYC right now,2024-12-08,All of NYC right now,3lcsxfdsudk2b
waltermasterson.bsky.social,https://bsky.app/profile/waltermasterson.bsky.social/post/3lcqbyraynk26,Video_3lcqbyraynk26,2024-12-07,,3lcqbyraynk26
waltermasterson.bsky.social,https://bsky.app/profile/waltermasterson.bsky.social/post/3lcdobueq2s2w,Anti-Abortion protestors gets mad when we give him,2024-12-02,Anti-Abortion protestors gets mad when we give him a baby.,3lcdobueq2s2w
waltermasterson.bsky.social,https://bsky.app/profile/waltermasterson.bsky.social/post/3lcaxnx4h722b,I tried to blend in with Anti-Abortion protestors,2024-12-01,I tried to blend in with Anti-Abortion protestors,3lcaxnx4h722b
waltermasterson.bsky.social,https://bsky.app/profile/waltermasterson.bsky.social/post/3lc3mrx6ayc27,Mom’s for Liberty tells me they’re against EMPATHY,2024-11-29,Mom’s for Liberty tells me they’re against EMPATHY.,3lc3mrx6ayc27
waltermasterson.bsky.social,https://bsky.app/profile/waltermasterson.bsky.social/post/3lbu5icwkas2o,I saw Russell Brand and told him he was a nazi.,2024-11-26,I saw Russell Brand and told him he was a nazi.,3lbu5icwkas2o
waltermasterson.bsky.social,https://bsky.app/profile/waltermasterson.bsky.social/post/3lboco663tc2e,MAGA was furious at me for saying this.,2024-11-24,MAGA was furious at me for saying this.,3lboco663tc2e
waltermasterson.bsky.social,https://bsky.app/profile/waltermasterson.bsky.social/post/3lbmdsesoqk2i,"I trolled Rudy Giuliani, because he’s a piece of 💩",2024-11-23,"I trolled Rudy Giuliani, because he’s a piece of 💩",3lbmdsesoqk2i
waltermasterson.bsky.social,https://bsky.app/profile/waltermasterson.bsky.social/post/3lbgp6pjfis2k,“Just because I voted differently”,2024-11-21,“Just because I voted differently”,3lbgp6pjfis2k
waltermasterson.bsky.social,https://bsky.app/profile/waltermasterson.bsky.social/post/3lbezkpkjws2k,I speak with a deported US military veteran. When ,2024-11-20,"I speak with a deported US military veteran. When Trump carries out mass deportations, these are the people that will be affected.",3lbezkpkjws2k
waltermasterson.bsky.social,https://bsky.app/profile/waltermasterson.bsky.social/post/3lba3lrzquc2g,I explain tariffs to MAGA,2024-11-18,I explain tariffs to MAGA,3lba3lrzquc2g
waltermasterson.bsky.social,https://bsky.app/profile/waltermasterson.bsky.social/post/3lb6uyus5ik26,Reading the Bible to MAGA,2024-11-18,Reading the Bible to MAGA,3lb6uyus5ik26
thegoodliars.bsky.social,https://bsky.app/profile/thegoodliars.bsky.social/post/3lb4bgccwpk23,Is God pro-life?,2024-11-17,Is God pro-life?,3lb4bgccwpk23
waltermasterson.bsky.social,https://bsky.app/profile/waltermasterson.bsky.social/post/3lb3va7h6ns26,Trolling Trump’s new head of the EPA Lee Zeldin.,2024-11-16,Trolling Trump’s new head of the EPA Lee Zeldin.,3lb3va7h6ns26
waltermasterson.bsky.social,https://bsky.app/profile/waltermasterson.bsky.social/post/3laxeeyl6wk2h,I brought my dog to RFK jr after the rabies vaccin,2024-11-15,I brought my dog to RFK jr after the rabies vaccine made her stop barking,3laxeeyl6wk2h
waltermasterson.bsky.social,https://bsky.app/profile/waltermasterson.bsky.social/post/3lawz7gwfvs25,I called Attorney General Matt Gaetz a P3do,2024-11-14,I called Attorney General Matt Gaetz a P3do,3lawz7gwfvs25
